test_id,category,key,gcc_baseline,gcc_lto,clang_baseline,clang_thinlto,clang_fulllto
53,callee,func_51,MISSING,MISSING,PRESENT,PRESENT,PRESENT
420,callee,func_22,MISSING,MISSING,PRESENT,PRESENT,PRESENT
511,callee,func_62,MISSING,MISSING,PRESENT,PRESENT,PRESENT
648,callee,func_34,MISSING,MISSING,PRESENT,PRESENT,PRESENT
668,callee,func_49,MISSING,MISSING,PRESENT,PRESENT,PRESENT
908,callee,func_28,MISSING,MISSING,PRESENT,PRESENT,PRESENT
919,callee,func_28,MISSING,MISSING,PRESENT,PRESENT,PRESENT
935,callee,func_48,MISSING,MISSING,PRESENT,PRESENT,PRESENT
988,callee,func_13,MISSING,MISSING,PRESENT,PRESENT,PRESENT
1063,callee,func_53,MISSING,MISSING,MISSING,PRESENT,MISSING
1241,callee,func_38,MISSING,MISSING,PRESENT,PRESENT,PRESENT
1376,callee,func_17,MISSING,MISSING,PRESENT,PRESENT,PRESENT
1411,callee,func_53,MISSING,MISSING,MISSING,PRESENT,MISSING
1555,callee,func_5,MISSING,MISSING,PRESENT,PRESENT,PRESENT
1657,callee,func_2,MISSING,MISSING,MISSING,MISSING,PRESENT
1710,callee,func_1,MISSING,MISSING,PRESENT,PRESENT,PRESENT
1806,callee,func_24,MISSING,MISSING,PRESENT,PRESENT,PRESENT
1854,callee,func_23,MISSING,MISSING,PRESENT,PRESENT,PRESENT
1883,callee,func_14,MISSING,MISSING,PRESENT,PRESENT,PRESENT
2078,callee,func_18,MISSING,MISSING,PRESENT,PRESENT,PRESENT
2197,callee,func_64,MISSING,MISSING,PRESENT,PRESENT,PRESENT
2308,callee,func_14,MISSING,MISSING,PRESENT,PRESENT,PRESENT
2361,callee,func_1,MISSING,MISSING,PRESENT,PRESENT,PRESENT
2364,callee,func_13,MISSING,MISSING,PRESENT,PRESENT,PRESENT
2459,callee,func_45,MISSING,MISSING,PRESENT,PRESENT,PRESENT
2510,callee,func_18,MISSING,MISSING,PRESENT,PRESENT,PRESENT
2565,callee,func_38,MISSING,MISSING,PRESENT,PRESENT,PRESENT
2580,callee,func_46,MISSING,MISSING,PRESENT,PRESENT,PRESENT
2614,callee,func_18,MISSING,MISSING,MISSING,MISSING,PRESENT
2661,callee,func_6,MISSING,MISSING,PRESENT,PRESENT,MISSING
2814,callee,func_5,MISSING,MISSING,PRESENT,PRESENT,MISSING
2850,callee,func_13,MISSING,MISSING,PRESENT,PRESENT,PRESENT
3152,callee,func_19,MISSING,MISSING,PRESENT,PRESENT,PRESENT
3251,callee,func_21,MISSING,MISSING,PRESENT,PRESENT,PRESENT
3321,callee,func_29,MISSING,MISSING,MISSING,MISSING,PRESENT
3430,callee,func_32,MISSING,MISSING,PRESENT,PRESENT,PRESENT
3477,callee,func_43,MISSING,MISSING,PRESENT,PRESENT,PRESENT
3587,callee,func_61,MISSING,MISSING,MISSING,PRESENT,MISSING
4019,callee,func_64,MISSING,MISSING,PRESENT,PRESENT,PRESENT
4037,callee,func_45,MISSING,MISSING,MISSING,PRESENT,MISSING
4054,callee,func_21,MISSING,MISSING,PRESENT,PRESENT,PRESENT
4065,callee,func_42,MISSING,MISSING,PRESENT,PRESENT,PRESENT
4092,callee,func_35,MISSING,MISSING,PRESENT,PRESENT,PRESENT
4159,callee,func_32,MISSING,MISSING,PRESENT,PRESENT,MISSING
4171,callee,func_32,MISSING,MISSING,PRESENT,PRESENT,PRESENT
4685,callee,func_80,MISSING,MISSING,PRESENT,PRESENT,PRESENT
4769,callee,func_1,MISSING,MISSING,PRESENT,PRESENT,PRESENT
4800,callee,func_1,MISSING,MISSING,PRESENT,PRESENT,PRESENT
4807,callee,func_25,MISSING,MISSING,PRESENT,PRESENT,PRESENT
5056,callee,func_41,MISSING,MISSING,PRESENT,PRESENT,PRESENT
5097,callee,func_25,MISSING,MISSING,PRESENT,PRESENT,PRESENT
5268,callee,func_13,MISSING,MISSING,PRESENT,PRESENT,PRESENT
5394,callee,func_31,MISSING,MISSING,PRESENT,PRESENT,PRESENT
5506,callee,func_1,MISSING,MISSING,PRESENT,PRESENT,PRESENT
5524,callee,func_13,MISSING,MISSING,PRESENT,PRESENT,PRESENT
5551,callee,func_49,MISSING,MISSING,PRESENT,PRESENT,PRESENT
5600,callee,func_1,MISSING,MISSING,MISSING,PRESENT,PRESENT
5615,callee,func_2,MISSING,MISSING,PRESENT,PRESENT,PRESENT
5658,callee,func_92,MISSING,MISSING,PRESENT,PRESENT,PRESENT
5668,callee,func_36,MISSING,MISSING,PRESENT,PRESENT,PRESENT
5979,callee,func_22,MISSING,MISSING,PRESENT,PRESENT,PRESENT
6091,callee,func_14,MISSING,MISSING,PRESENT,PRESENT,PRESENT
6132,callee,func_28,MISSING,MISSING,PRESENT,PRESENT,PRESENT
6135,callee,func_5,MISSING,MISSING,PRESENT,PRESENT,PRESENT
6143,callee,func_28,MISSING,MISSING,PRESENT,PRESENT,PRESENT
6257,callee,func_86,MISSING,MISSING,PRESENT,PRESENT,PRESENT
6410,callee,func_1,MISSING,MISSING,PRESENT,PRESENT,PRESENT
6495,callee,func_19,MISSING,MISSING,PRESENT,PRESENT,MISSING
6504,callee,func_8,MISSING,MISSING,MISSING,MISSING,PRESENT
6659,callee,func_1,MISSING,MISSING,PRESENT,PRESENT,PRESENT
6728,callee,func_1,MISSING,MISSING,PRESENT,PRESENT,PRESENT
6932,callee,func_1,MISSING,MISSING,MISSING,PRESENT,MISSING
6939,callee,func_24,MISSING,MISSING,PRESENT,PRESENT,PRESENT
6983,callee,func_1,MISSING,MISSING,PRESENT,PRESENT,MISSING
7091,callee,func_48,MISSING,MISSING,PRESENT,PRESENT,PRESENT
7138,callee,func_1,MISSING,MISSING,PRESENT,PRESENT,PRESENT
7160,callee,func_19,MISSING,MISSING,PRESENT,PRESENT,PRESENT
7160,callee,func_1,MISSING,MISSING,MISSING,MISSING,PRESENT
7167,callee,func_1,MISSING,MISSING,MISSING,MISSING,PRESENT
7191,callee,func_2,MISSING,MISSING,PRESENT,PRESENT,PRESENT
7263,callee,func_53,MISSING,MISSING,PRESENT,PRESENT,PRESENT
7319,callee,func_10,MISSING,MISSING,PRESENT,PRESENT,PRESENT
7376,callee,func_1,MISSING,MISSING,PRESENT,PRESENT,PRESENT
7472,callee,func_32,MISSING,MISSING,PRESENT,PRESENT,PRESENT
7476,callee,func_23,MISSING,MISSING,PRESENT,PRESENT,PRESENT
7532,callee,func_63,MISSING,MISSING,PRESENT,PRESENT,PRESENT
7607,callee,func_36,MISSING,MISSING,PRESENT,PRESENT,PRESENT
7716,callee,func_14,MISSING,MISSING,PRESENT,PRESENT,PRESENT
7939,callee,func_40,MISSING,MISSING,MISSING,MISSING,PRESENT
8029,callee,func_17,MISSING,MISSING,PRESENT,PRESENT,PRESENT
8098,callee,func_11,MISSING,MISSING,PRESENT,PRESENT,PRESENT
8258,callee,func_24,MISSING,MISSING,PRESENT,PRESENT,PRESENT
8284,callee,func_1,MISSING,MISSING,MISSING,MISSING,PRESENT
8284,callee,func_18,MISSING,MISSING,MISSING,MISSING,PRESENT
8392,callee,func_1,MISSING,MISSING,PRESENT,PRESENT,PRESENT
8675,callee,func_46,MISSING,MISSING,MISSING,MISSING,PRESENT
8733,callee,func_12,MISSING,MISSING,MISSING,MISSING,PRESENT
8757,callee,func_2,MISSING,MISSING,PRESENT,PRESENT,PRESENT
8761,callee,func_58,MISSING,MISSING,PRESENT,PRESENT,PRESENT
8836,callee,func_81,MISSING,MISSING,PRESENT,PRESENT,PRESENT
8987,callee,func_15,MISSING,MISSING,PRESENT,PRESENT,PRESENT
9122,callee,func_46,MISSING,MISSING,MISSING,MISSING,PRESENT
9192,callee,func_1,MISSING,MISSING,PRESENT,PRESENT,PRESENT
9232,callee,func_3,MISSING,MISSING,PRESENT,PRESENT,PRESENT
9244,callee,func_65,MISSING,MISSING,PRESENT,PRESENT,PRESENT
9251,callee,func_5,MISSING,MISSING,MISSING,PRESENT,PRESENT
9256,callee,func_33,MISSING,MISSING,PRESENT,PRESENT,PRESENT
9280,callee,func_2,MISSING,MISSING,PRESENT,PRESENT,PRESENT
9339,callee,func_1,MISSING,MISSING,PRESENT,PRESENT,PRESENT
9507,callee,func_10,MISSING,MISSING,MISSING,MISSING,PRESENT
9588,callee,func_46,MISSING,MISSING,PRESENT,PRESENT,PRESENT
9648,callee,func_25,MISSING,MISSING,PRESENT,PRESENT,PRESENT
9683,callee,func_29,MISSING,MISSING,MISSING,MISSING,PRESENT
9742,callee,func_51,MISSING,MISSING,MISSING,PRESENT,MISSING
9768,callee,func_37,MISSING,MISSING,PRESENT,PRESENT,PRESENT
9851,callee,func_41,MISSING,MISSING,PRESENT,PRESENT,PRESENT
9929,callee,func_54,MISSING,MISSING,MISSING,MISSING,PRESENT
